N,α,λ,nsamples,t,E
40,0.2,0.1,1,1,0.05809571362928556
40,0.2,0.2,1,95,0.18248012683831394
40,0.2,0.3,1,71,0.06583994680156646
40,0.2,0.4,1,23,0.9321258325567818
40,0.2,0.5,1,6,0.7071667929215008
40,0.2,0.6,1,61,0.9805946269493421
40,0.2,0.7,1,31,0.7907514309194495
40,0.2,0.8,1,47,0.23425473309531974
40,0.2,0.9,1,69,0.7488957186241598
40,0.2,1.0,1,82,0.03837408629264982
