N,α,λ,nsamples,t,E
40,0.2,0.1,1,60,0.9875539474172689
40,0.2,0.2,1,86,0.9112218770998486
40,0.2,0.3,1,57,0.862618142991033
40,0.2,0.4,1,55,0.18147477777780208
40,0.2,0.5,1,28,0.6479933312223157
40,0.2,0.6,1,17,0.4085366562476179
40,0.2,0.7,1,39,0.0066902862508368965
40,0.2,0.8,1,18,0.10952422037752607
40,0.2,0.9,1,60,0.21170137786449972
40,0.2,1.0,1,50,0.7156842044576568
