N,α,λ,nsamples,t,E
50,0.2,0.1,1,38,0.7312250147174175
50,0.2,0.2,1,100,0.9146207298448547
50,0.2,0.3,1,57,0.706081694292323
50,0.2,0.4,1,13,0.0677681752416861
50,0.2,0.5,1,53,0.6644812385000414
50,0.2,0.6,1,61,0.31143123776181025
50,0.2,0.7,1,9,0.6307585951719606
50,0.2,0.8,1,36,0.415987459394643
50,0.2,0.9,1,15,0.12083727646088904
50,0.2,1.0,1,51,0.7954079988769112
