N,α,λ,nsamples,t,E
70,0.2,0.1,1,54,0.14503180907971547
70,0.2,0.2,1,9,0.33319107895942923
70,0.2,0.3,1,12,0.9628550808740018
70,0.2,0.4,1,57,0.40988458908960634
70,0.2,0.5,1,77,0.3740944220766852
70,0.2,0.6,1,96,0.012438022658170067
70,0.2,0.7,1,49,0.38056679963753137
70,0.2,0.8,1,71,0.34262448391750977
70,0.2,0.9,1,51,0.972725422881068
70,0.2,1.0,1,30,0.7915417638610933
