N,α,λ,nsamples,t,E
60,0.2,0.1,1,96,0.6691191918198498
60,0.2,0.2,1,17,0.10087241845763006
60,0.2,0.3,1,65,0.03190091969872533
60,0.2,0.4,1,46,0.37836077744462515
60,0.2,0.5,1,50,0.8257776433128686
60,0.2,0.6,1,85,0.6284445024687206
60,0.2,0.7,1,34,0.48379995790297736
60,0.2,0.8,1,66,0.11199734811540152
60,0.2,0.9,1,90,0.2237272564841335
60,0.2,1.0,1,100,0.22831121686576417
